num__Age,num__Income,cat__Name_Alice,cat__Name_Bob,cat__Name_Charlie,cat__Name_Dana,cat__Name_Evan,cat__Gender_Female,cat__Gender_Male
-1.481963271961296,-0.7071067811865476,1.0,0.0,0.0,0.0,0.0,1.0,0.0
0.21170903885161374,0.7071067811865476,0.0,1.0,0.0,0.0,0.0,0.0,1.0
0.0,0.0,0.0,0.0,1.0,0.0,0.0,0.0,1.0
-0.3528483980860229,-1.4142135623730951,0.0,0.0,0.0,1.0,0.0,1.0,0.0
1.6231026311957053,1.4142135623730951,0.0,0.0,0.0,0.0,1.0,0.0,1.0
